<KicadtoNgspice><source /><model><u2 name="type">d_or<field1 name="Enter Rise Delay (default=1.0e-9)" /><field2 name="Enter Fall Delay (default=1.0e-9)" /><field3 name="Enter Input Load (default=1.0e-12)" /></u2><u4 name="type">d_or<field4 name="Enter Rise Delay (default=1.0e-9)" /><field5 name="Enter Fall Delay (default=1.0e-9)" /><field6 name="Enter Input Load (default=1.0e-12)" /></u4><u3 name="type">d_or<field7 name="Enter Rise Delay (default=1.0e-9)" /><field8 name="Enter Fall Delay (default=1.0e-9)" /><field9 name="Enter Input Load (default=1.0e-12)" /></u3></model><devicemodel /><subcircuit><x1><field>H:\esim\FOSSEE\eSim\library\SubcircuitLibrary\s_and</field></x1><x3><field>H:\esim\FOSSEE\eSim\library\SubcircuitLibrary\s_and</field></x3><x2><field>H:\esim\FOSSEE\eSim\library\SubcircuitLibrary\s_and</field></x2></subcircuit><analysis><ac><field1 name="Lin">true</field1><field2 name="Dec">false</field2><field3 name="Oct">false</field3><field4 name="Start Frequency" /><field5 name="Stop Frequency" /><field6 name="No. of points" /><field7 name="Start Fre Combo">Hz</field7><field8 name="Stop Fre Combo">Hz</field8></ac><dc><field1 name="Source 1" /><field2 name="Start" /><field3 name="Increment" /><field4 name="Stop" /><field5 name="Operating Point">0</field5><field6 name="Start Combo">Volts or Amperes</field6><field7 name="Increment Combo">Volts or Amperes</field7><field8 name="Stop Combo">Volts or Amperes</field8><field9 name="Source 2" /><field10 name="Start" /><field11 name="Increment" /><field12 name="Stop" /><field13 name="Start Combo">Volts or Amperes</field13><field14 name="Increment Combo">Volts or Amperes</field14><field15 name="Stop Combo">Volts or Amperes</field15></dc><tran><field1 name="Start Time" /><field2 name="Step Time" /><field3 name="Stop Time" /><field4 name="Start Combo">sec</field4><field5 name="Step Combo">sec</field5><field6 name="Stop Combo">sec</field6></tran></analysis></KicadtoNgspice>