<KicadtoNgspice><source /><model><u2 name="type">d_and<field1 name="Enter Rise Delay (default=1.0e-9)" /><field2 name="Enter Fall Delay (default=1.0e-9)" /><field3 name="Enter Input Load (default=1.0e-12)" /></u2><u6 name="type">d_and<field4 name="Enter Rise Delay (default=1.0e-9)" /><field5 name="Enter Fall Delay (default=1.0e-9)" /><field6 name="Enter Input Load (default=1.0e-12)" /></u6><u3 name="type">d_and<field7 name="Enter Rise Delay (default=1.0e-9)" /><field8 name="Enter Fall Delay (default=1.0e-9)" /><field9 name="Enter Input Load (default=1.0e-12)" /></u3><u5 name="type">d_and<field10 name="Enter Rise Delay (default=1.0e-9)" /><field11 name="Enter Fall Delay (default=1.0e-9)" /><field12 name="Enter Input Load (default=1.0e-12)" /></u5><u8 name="type">d_and<field13 name="Enter Rise Delay (default=1.0e-9)" /><field14 name="Enter Fall Delay (default=1.0e-9)" /><field15 name="Enter Input Load (default=1.0e-12)" /></u8><u11 name="type">d_and<field16 name="Enter Rise Delay (default=1.0e-9)" /><field17 name="Enter Fall Delay (default=1.0e-9)" /><field18 name="Enter Input Load (default=1.0e-12)" /></u11><u13 name="type">d_and<field19 name="Enter Rise Delay (default=1.0e-9)" /><field20 name="Enter Fall Delay (default=1.0e-9)" /><field21 name="Enter Input Load (default=1.0e-12)" /></u13><u9 name="type">d_and<field22 name="Enter Rise Delay (default=1.0e-9)" /><field23 name="Enter Fall Delay (default=1.0e-9)" /><field24 name="Enter Input Load (default=1.0e-12)" /></u9><u12 name="type">d_and<field25 name="Enter Rise Delay (default=1.0e-9)" /><field26 name="Enter Fall Delay (default=1.0e-9)" /><field27 name="Enter Input Load (default=1.0e-12)" /></u12><u4 name="type">d_or<field28 name="Enter Rise Delay (default=1.0e-9)" /><field29 name="Enter Fall Delay (default=1.0e-9)" /><field30 name="Enter Input Load (default=1.0e-12)" /></u4><u10 name="type">d_or<field31 name="Enter Rise Delay (default=1.0e-9)" /><field32 name="Enter Fall Delay (default=1.0e-9)" /><field33 name="Enter Input Load (default=1.0e-12)" /></u10><u7 name="type">d_or<field34 name="Enter Rise Delay (default=1.0e-9)" /><field35 name="Enter Fall Delay (default=1.0e-9)" /><field36 name="Enter Input Load (default=1.0e-12)" /></u7></model><devicemodel /><subcircuit><x1><field>H:\esim\FOSSEE\eSim\library\SubcircuitLibrary\s_and</field></x1><x4><field>H:\esim\FOSSEE\eSim\library\SubcircuitLibrary\s_and</field></x4><x7><field>H:\esim\FOSSEE\eSim\library\SubcircuitLibrary\s_and</field></x7><x10><field>H:\esim\FOSSEE\eSim\library\SubcircuitLibrary\s_and</field></x10><x12><field>H:\esim\FOSSEE\eSim\library\SubcircuitLibrary\s_and</field></x12><x2><field>H:\esim\FOSSEE\eSim\library\SubcircuitLibrary\s_and</field></x2><x5><field>H:\esim\FOSSEE\eSim\library\SubcircuitLibrary\s_and</field></x5><x8><field>H:\esim\FOSSEE\eSim\library\SubcircuitLibrary\s_and</field></x8><x11><field>H:\esim\FOSSEE\eSim\library\SubcircuitLibrary\s_and</field></x11><x3><field>H:\esim\FOSSEE\eSim\library\SubcircuitLibrary\s_or</field></x3><x9><field>H:\esim\FOSSEE\eSim\library\SubcircuitLibrary\s_or</field></x9><x6><field>H:\esim\FOSSEE\eSim\library\SubcircuitLibrary\s_or</field></x6></subcircuit><analysis><ac><field1 name="Lin">true</field1><field2 name="Dec">false</field2><field3 name="Oct">false</field3><field4 name="Start Frequency" /><field5 name="Stop Frequency" /><field6 name="No. of points" /><field7 name="Start Fre Combo">Hz</field7><field8 name="Stop Fre Combo">Hz</field8></ac><dc><field1 name="Source 1" /><field2 name="Start" /><field3 name="Increment" /><field4 name="Stop" /><field5 name="Operating Point">0</field5><field6 name="Start Combo">Volts or Amperes</field6><field7 name="Increment Combo">Volts or Amperes</field7><field8 name="Stop Combo">Volts or Amperes</field8><field9 name="Source 2" /><field10 name="Start" /><field11 name="Increment" /><field12 name="Stop" /><field13 name="Start Combo">Volts or Amperes</field13><field14 name="Increment Combo">Volts or Amperes</field14><field15 name="Stop Combo">Volts or Amperes</field15></dc><tran><field1 name="Start Time" /><field2 name="Step Time" /><field3 name="Stop Time" /><field4 name="Start Combo">sec</field4><field5 name="Step Combo">sec</field5><field6 name="Stop Combo">sec</field6></tran></analysis></KicadtoNgspice>