<KicadtoNgspice><source><v8 name="Source type">pwl<field1 name="Enter in pwl format">0 0 10n 0 10.01n 0.75 20n 0.75 20.01n 1.5 30n 1.5 30.01n 0</field1></v8><v7 name="Source type">pwl<field1 name="Enter in pwl format">0 0 5n 0.75 10n 1.5 15n 0.75 20n 1.5 25n 0.75 30n 0 30.01n 0</field1></v7><v6 name="Source type">pwl<field1 name="Enter in pwl format">0 0 10n 1.5 15n 0.75 20n 0 25n 1.5 30n 0 30.01n 0</field1></v6><v5 name="Source type">pwl<field1 name="Enter in pwl format">0 0 5n 1.5 10n 0.75 15n 0 20n 0.75 25n 1.5 30n 0 30.01n 0</field1></v5><v4 name="Source type">pwl<field1 name="Enter in pwl format">0 0 7n 0.75 14n 1.5 21n 0.75 28n 0 30n 0 30.01n 0</field1></v4><v3 name="Source type">pwl<field1 name="Enter in pwl format">0 0 3n 1.5 6n 0.75 9n 0 12n 0.75 15n 1.5 18n 0.75 21n 0 24n 1.5 27n 0 30n 0 30.01n 0</field1></v3><v2 name="Source type">pwl<field1 name="Enter in pwl format">0 0 8n 0.75 16n 1.5 24n 0.75 28n 0 30n 0 30.01n 0</field1></v2><v1 name="Source type">pwl<field1 name="Enter in pwl format">0 0 2n 1.5 4n 0.75 6n 0 8n 1.5 10n 0.75 12n 0 14n 0.75 16n 1.5 18n 0 20n 1.5 22n 0.75 24n 0 26n 0.75 28n 1.5 30n 0 30.01n 0
</field1></v1><v9 name="Source type">dc<field1 name="Value">1.5</field1></v9></source><model /><devicemodel><scmode1><field>H:\esim\FOSSEE\eSim\library\sky130_fd_pr\models\sky130.lib.spice</field><field>tt</field></scmode1></devicemodel><subcircuit><x1><field>H:\esim\FOSSEE\eSim\library\SubcircuitLibrary\4trit_comp</field></x1><x2><field>H:\esim\FOSSEE\eSim\library\SubcircuitLibrary\aGb</field></x2><x3><field>H:\esim\FOSSEE\eSim\library\SubcircuitLibrary\aLb</field></x3><x4><field>H:\esim\FOSSEE\eSim\library\SubcircuitLibrary\aEb</field></x4></subcircuit><analysis><ac><field1 name="Lin">true</field1><field2 name="Dec">false</field2><field3 name="Oct">false</field3><field4 name="Start Frequency" /><field5 name="Stop Frequency" /><field6 name="No. of points" /><field7 name="Start Fre Combo">Hz</field7><field8 name="Stop Fre Combo">Hz</field8></ac><dc><field1 name="Source 1" /><field2 name="Start" /><field3 name="Increment" /><field4 name="Stop" /><field5 name="Operating Point">0</field5><field6 name="Start Combo">Volts or Amperes</field6><field7 name="Increment Combo">Volts or Amperes</field7><field8 name="Stop Combo">Volts or Amperes</field8><field9 name="Source 2" /><field10 name="Start" /><field11 name="Increment" /><field12 name="Stop" /><field13 name="Start Combo">Volts or Amperes</field13><field14 name="Increment Combo">Volts or Amperes</field14><field15 name="Stop Combo">Volts or Amperes</field15></dc><tran><field1 name="Start Time">0</field1><field2 name="Step Time">0.01</field2><field3 name="Stop Time">30</field3><field4 name="Start Combo">ns</field4><field5 name="Step Combo">ns</field5><field6 name="Stop Combo">ns</field6></tran></analysis></KicadtoNgspice>